PersonName,Country,Discipline
AALERUD Katrine,Norway,Cycling Road
ABAD Nestor,Spain,Artistic Gymnastics
ABAGNALE Giovanni,Italy,Rowing
ABALDE Alberto,Spain,Basketball
ABALDE Tamara,Spain,Basketball
ABALO Luc,France,Handball
ABAROA Cesar,Chile,Rowing
ABASS Abobakr,Sudan,Swimming
ABBASALI Hamideh,Islamic Republic of Iran,Karate
ABBASOV Islam,Azerbaijan,Wrestling
ABBINGH Lois,Netherlands,Handball
ABBOT Emily,Australia,Rhythmic Gymnastics
ABBOTT Monica,United States of America,Baseball/Softball
ABDALLA Abubaker Haydar,Qatar,Athletics
ABDALLA Maryam,Egypt,Artistic Swimming
ABDALLAH Shahd,Egypt,Artistic Swimming
ABDALRASOOL Mohamed,Sudan,Judo
ABDEL LATIF Radwa,Egypt,Shooting
ABDEL RAZEK Samy,Egypt,Shooting
ABDELAZIZ Abdalla,Egypt,Karate
ABDELAZIZ Farah,Egypt,Table Tennis
ABDELAZIZ Feryal,Egypt,Karate
ABDELMAWGOUD Mohamed,Egypt,Judo
ABDELMOTTALEB Diaaeldin Kamal Gouda,Egypt,Wrestling
ABDELRAHMAN Ihab,Egypt,Athletics
ABDELSALAM Mohamed,Egypt,Football
ABDELSALAM Nour,Egypt,Taekwondo
ABDELWAHED Ahmed,Italy,Athletics
ABDI Bashir,Belgium,Athletics
ABDIRAHMAN Abdi,United States of America,Athletics
ABDUL HADI Farah Ann,Malaysia,Artistic Gymnastics
ABDUL RAHMAN Kiria Tikanah,Singapore,Fencing
ABDUL RAZZAQ Fathimath Nabaaha,Maldives,Badminton
ABDULHAMID Saud,Saudi Arabia,Football
ABDULJABBAR Ammar Riad,Germany,Boxing
ABDULLAEV Gulomjon,Uzbekistan,Wrestling
ABDULLAEV Muminjon,Uzbekistan,Wrestling
ABDULLAH Rahmat Erwin,Indonesia,Weightlifting
ABDULLIN Ilfat,Kazakhstan,Archery
ABDULREDHA Mohamed,Bahrain,Handball
ABDURAIMOV Elnur,Uzbekistan,Boxing
ABDURAKHIMOV Rasuljon,Uzbekistan,Artistic Gymnastics
ABDURAKHMONOV Bekzod,Uzbekistan,Wrestling
ABE Hifumi,Japan,Judo
ABE Takatoshi,Japan,Athletics
ABE Uta,Japan,Judo
ABEBE Mekides,Ethiopia,Athletics
ABEDINI Mojtaba,Islamic Republic of Iran,Fencing
ABEL Jennifer,Canada,Diving
ABELA Matthew,Malta,Badminton
ABELVIK ROED Magnus,Norway,Handball
ABEYSINGHE Matthew,Sri Lanka,Swimming
ABIAN Pablo,Spain,Badminton
ABICHA Mohammed,Morocco,Beach Volleyball
ABICHT Lorena,Austria,Sailing
ABIDINE Abidine,Mauritania,Athletics
ABLIAZIN Denis,ROC,Artistic Gymnastics
ABOUD Hadel,Libya,Athletics
ABOUELKASSEM Alaaeldin,Egypt,Fencing
ABOUKE Nancy Genzel,Nauru,Weightlifting
ABRAHAM Tadesse,Switzerland,Athletics
ABRAHAMS Rusten John,South Africa,Hockey
ABRAMS Aliyah,Guyana,Athletics
ABRAMS Jasmine,Guyana,Athletics
ABRAMYAN Benik,Georgia,Athletics
ABREU Diogo,Portugal,Trampoline Gymnastics
ABRINES REDONDO Alejandro,Spain,Basketball
ABROSIMOV Kirill,ROC,Marathon Swimming
ABU RABEE Asma,Jordan,Shooting
ABU RMILAH Wesam,Palestine,Judo
ABUAKU Joshua,Germany,Athletics
ABUJBARA Tala,Qatar,Rowing
ACERENZA Domenico,Italy,Swimming
ACETI Vladimir,Italy,Athletics
ACHAB Jaouad,Belgium,Taekwondo
ACHANTA Kamal,India,Table Tennis
ACHILLEOS Georgios,Cyprus,Shooting
ACHIUWA Precious,Nigeria,Basketball
ACHONWA Natalie,Canada,Basketball
ACHOURI Haikel,Tunisia,Wrestling
ACKERMANN Simone,South Africa,Triathlon
ACOSTA Briseida,Mexico,Taekwondo
ACOSTA FERNANDEZ Yasmani,Chile,Wrestling
ACOSTA GIRALDO Valentina,Colombia,Archery
ACOSTA Marcelo,El Salvador,Swimming
ACUNA Yenny,Chile,Football
ADACHI Kazuya,Japan,Canoe Slalom
ADACHI Seiya,Japan,Water Polo
ADAM Amal,Egypt,Archery
ADAM Constantin,Romania,Rowing
ADAMEK Klaudia,Poland,Athletics
ADAMKIEWICZ Patrycja,Poland,Taekwondo
ADAMS Liam,Australia,Athletics
ADAMS Paul,Australia,Shooting
ADAMS Taeyanna,Federated States of Micronesia,Swimming
ADAMUS Bartlomiej Stejan,Poland,Weightlifting
ADAO de SA Mateus Daniel,Brazil,Athletics
ADAR Yasemin,Turkey,Wrestling
ADEBAYO Edrice Femi,United States of America,Basketball
ADEGOKE Enoch,Nigeria,Athletics
ADEKUOROYE Odunayo Folasade,Nigeria,Wrestling
ADEL Ibrahim,Egypt,Football
ADENIYI Aminat Oluwafunmilayo,Nigeria,Wrestling
ADESOKAN Dorcas Ajoke,Nigeria,Badminton
ADILKHANOVA Alina,Kazakhstan,Rhythmic Gymnastics
ADLERTEG Jonna,Sweden,Artistic Gymnastics
ADLINGTON Sarah,Great Britain,Judo
ADO Pauline,France,Surfing
ADOLF Balazs,Hungary,Canoe Sprint
ADOMAVICIUS Aurimas,Lithuania,Rowing
AEDO Yanara,Chile,Football
AERNOUDTS Violaine,France,Rowing
AFANADOR Brian,Puerto Rico,Table Tennis
AFONSO Paixao,Angola,Sailing
AFOUMBA Gilles Anthony,Congo,Athletics
AFREMOVA Natalia,ROC,Cycling BMX Racing
AFRIAT Charlotte,Monaco,Athletics
AGADA Caleb,Nigeria,Basketball
AGAHOZO Alphonsine,Rwanda,Swimming
AGARD Terrence,Netherlands,Athletics
AGARIE Yuto,Japan,Handball
AGATSUMA Haruka,Japan,Baseball/Softball
AGBEGNENOU Clarisse,France,Judo
AGERO Eden,Kenya,Rugby Sevens
AGGEFORS Mikael,Sweden,Handball
AGHAEIHAJIAGHA Soraya,Islamic Republic of Iran,Badminton
AGHAMIROVA Zohra,Azerbaijan,Rhythmic Gymnastics
AGHAMIRZAEIJENAGHRAD Ali,Islamic Republic of Iran,Canoe Sprint
AGHASYAN Levon,Armenia,Athletics
AGHAYEV Rafael,Azerbaijan,Karate
AGIOMOR Ekerekeme,Nigeria,Wrestling
AGIURGIUCULESE Alexandra,Italy,Rhythmic Gymnastics
AGRALI Yavuz,Turkey,Athletics
AGRUSTI Andrea,Italy,Athletics
AGUIAR Mayra,Brazil,Judo
AGUILAR Ali,United States of America,Baseball/Softball
AGUILAR Andres,Chile,Archery
AGUILAR Evelis Jazmin,Colombia,Athletics
AGUINAGALDE AQUIZU Julen,Spain,Handball
AGUIRRE Eduardo,Mexico,Football
AGUIRRE Erick,Mexico,Football
AGUIRRE Unai,Spain,Water Polo
AGUNDEZ GARCIA Gabriela,Mexico,Diving
AH TONG Marion Faustino,Samoa,Boxing
AHMAD Muhammad Isa,Brunei Darussalam,Swimming
AHMED Aiman,Saudi Arabia,Football
AHMED ALI YUSUF Abdulla Essa,Bahrain,Swimming
AHMED Enas,Egypt,Wrestling
AHMED Junayna,Bangladesh,Swimming
AHMED Mohamed,Bahrain,Handball
AHMED Mohammed,Canada,Athletics
AHMED Samaa,Egypt,Canoe Sprint
AHOUANWANOU Odile,Benin,Athletics
AHOURE Murielle,Côte d'Ivoire,Athletics
AHSINGER Nicole,United States of America,Trampoline Gymnastics
AHYE Michelle-Lee,Trinidad and Tobago,Athletics
AI Yanhan,People's Republic of China,Swimming
AICARDI Matteo,Italy,Water Polo
AICOBOAE Vlad,Romania,Rowing
AIGNER Hannes,Germany,Canoe Slalom
AILINCAI Adriana,Romania,Rowing
AIMABLE Steven,Senegal,Swimming
AINAGULOV Mirambek,Kazakhstan,Wrestling
AIOANI Marian,Romania,Football
AISAH Windy Cantika,Indonesia,Weightlifting
AIT DAOUD Kamel,Algeria,Rowing
AIT OUAGRAM Zied,Morocco,Wrestling
AIT SAID Samir,France,Artistic Gymnastics
AITCHISON Holly,Great Britain,Rugby Sevens
AIZAWA Akira,Japan,Athletics
AJAYI Yinka,Nigeria,Athletics
AKAHO Himawari,Japan,Basketball
AKGUL Taha,Turkey,Wrestling
AKGUN Omer,Turkey,Shooting
AKHAIMOVA Liliia,ROC,Artistic Gymnastics
AKHMADIEV Ildar,Tajikistan,Athletics
AKHMETOVA Tatyana,Kazakhstan,Wrestling
AKHTAR Muhammad Khalil,Pakistan,Shooting
AKIMENKO Mikhail,ROC,Athletics
AKINRADEWO Foluke,United States of America,Volleyball
AKINYI Elizabeth,Kenya,Boxing
AKKUS Mihrac,Turkey,Judo
AKMAL Nurul,Indonesia,Weightlifting
AKMATALIEV Ernazar,Kyrgyzstan,Wrestling
AKMENS Roberts,Latvia,Canoe Sprint
AKOZ Simge Sebnem,Turkey,Volleyball
AKTAS Ugur,Turkey,Karate
AL ADAWI Issa Samir Hamed,Oman,Swimming
AL AHRACH Ali,Morocco,Equestrian
AL ALAWI Mazoon,Oman,Athletics
AL FAIHAN Abdulrahman,Kuwait,Shooting
AL HARTHI Barakat,Oman,Athletics
AL KHAFAJI Mohammed,Iraq,Rowing
AL KHATRI Hamed,Oman,Shooting
AL MANWARI Bashair Obaid,Qatar,Athletics
AL OBAIDI Aker,Refugee Olympic Team,Wrestling
AL RASHEDI Mansour,Kuwait,Shooting
AL RUMAIHI Mohammed,Qatar,Shooting
AL YAARI Ahmed,Yemen,Athletics
AL YASSIN Mazen Moutan,Saudi Arabia,Athletics
AL-KAABI Fatimah Abbas Waheeb,Iraq,Shooting
AL-KANJARI Amur Salim Ramadhan,Oman,Weightlifting
AL-OBAIDLY Abdulaziz,Qatar,Swimming
AL-RAIMI Yasameen,Yemen,Shooting
AL-SADEQ Julyana,Jordan,Taekwondo
AL-WIR Amro,Jordan,Swimming
AL-YAMANI Mokhtar,Yemen,Swimming
ALAKHVERDOVI Sakhil,Georgia,Boxing
ALAMIAN Nima,Islamic Republic of Iran,Table Tennis
ALARIE Elissa,Canada,Rugby Sevens
ALARZA Fernando,Spain,Triathlon
ALBA CASTILLO Rafael Yunier,Cuba,Taekwondo
ALBARRACIN Matias,Argentina,Equestrian
ALBAWARDI Zaid,Saudi Arabia,Football
ALBAYRAK Vedat,Turkey,Judo
ALBERS Felice,Netherlands,Hockey
ALBERTARRIO Agustina,Argentina,Hockey
ALBICY Andrew,France,Basketball
ALBRECHT Samuel,Brazil,Sailing
ALBRIKAN Feras,Saudi Arabia,Football
ALBUKHARI Amin,Saudi Arabia,Football
ALDABBAGH Yasmeen,Saudi Arabia,Athletics
ALDASS Sanda,Refugee Olympic Team,Judo
ALDAWSARI Khalifah,Saudi Arabia,Football
ALDAWSARI Salem,Saudi Arabia,Football
ALDERSEY Olympia,Australia,Rowing
ALEGRE BIOSCA David,Spain,Hockey
ALEKSANDROVA Ekaterina,ROC,Tennis
ALEKSANYAN Artur,Armenia,Wrestling
ALEKSIC Maja,Serbia,Volleyball
ALEKSIC Milan,Serbia,Water Polo
ALEKSIIVA Maryna,Ukraine,Artistic Swimming
ALEKSIIVA Vladyslava,Ukraine,Artistic Swimming
ALEMANNO Maria Grazia,Italy,Weightlifting
ALEMU Habitam,Ethiopia,Athletics
ALESSIO Simone,Italy,Taekwondo
ALEXANDER Kayla,Canada,Basketball
ALEXANDRI Anna-Maria,Austria,Artistic Swimming
ALEXANDRI Eirini,Austria,Artistic Swimming
ALEXIUSSON Agnes,Sweden,Boxing
ALEXUC CIURARIU Alin,Romania,Wrestling
ALFADHEL Abdulrahman,Kuwait,Rowing
ALFARAJ Salman,Saudi Arabia,Football
ALFONSO DOMINGUEZ Loren Berto,Azerbaijan,Boxing
ALGHANNAM Khalid,Saudi Arabia,Football
ALGOTSSON OSTHOLT Sara,Sweden,Equestrian
ALHAMDDAN Abdullah,Saudi Arabia,Football
ALHASSAN Ali,Saudi Arabia,Football
ALHASSANE Ismael,Niger,Judo
ALHINDAWI Odai Riyad Adel,Jordan,Boxing
ALHUMAYD Mahmoud Mohammed S,Saudi Arabia,Weightlifting
ALI Ali Merza,Bahrain,Handball
ALI Hasan,Bahrain,Handball
ALI Mohamed,Bahrain,Handball
ALI Mohamed,Bahrain,Handball
ALI MOHAMED Souhra,Djibouti,Athletics
ALI Ramla Said Ahmed,Somalia,Boxing
ALI Selin,Bulgaria,Shooting
ALI ZADA Masomah,Refugee Olympic Team,Cycling Road
ALIEV Mourad,France,Boxing
ALIKAJ Ahmad,Refugee Olympic Team,Judo
ALIMURADOVA Laman,Azerbaijan,Rhythmic Gymnastics
ALINE,Brazil,Football
ALIPOV Alexey,ROC,Shooting
ALIREZA Husein,Saudi Arabia,Rowing
ALIYEV Haji,Azerbaijan,Wrestling
ALIZADEH Dara,Bermuda,Rowing
ALIZADEH ZENOORIN Kimia,Refugee Olympic Team,Taekwondo
ALKANA Antonio,South Africa,Athletics
ALKASBEH Obada Mohammad Mustafa,Jordan,Boxing
ALKHADRAWI Ali,Saudi Arabia,Table Tennis
ALKHULAIF Ayman,Saudi Arabia,Football
ALLEMAND Julie,Belgium,Basketball
ALLEN Bec,Australia,Basketball
ALLEN Bertram,Ireland,Equestrian
ALLEN Devon,United States of America,Athletics
ALLEN Nathon,Jamaica,Athletics
ALLEN Nick,United States of America,Baseball/Softball
ALLICOCK Keevin,Guyana,Boxing
ALLIKVEE Martin,Estonia,Swimming
ALLMAN Valarie,United States of America,Athletics
ALMADA Thiago,Argentina,Football
ALMANZA Rose Mary,Cuba,Athletics
ALMAQABI Ahmed,Bahrain,Handball
ALMAS Deniz,Germany,Athletics
ALMATROOSHI Yousuf,United Arab Emirates,Swimming
ALMAYA Haimro,Israel,Athletics
ALMEIDA Joao,Portugal,Cycling Road
ALMEIDA Teresa,Angola,Handball
ALMOSAWI Sayed Mohammed,Kuwait,Karate
ALMUTAIRI Saeid,Saudi Arabia,Shooting
ALNAJI Sami,Saudi Arabia,Football
ALOMRAN Nasser,Saudi Arabia,Football
ALONSO Agostina,Argentina,Hockey
ALONSO Alejandra,Paraguay,Rowing
ALONSO Alejandro,Spain,Hockey
ALONSO Luana,Paraguay,Swimming
ALOTHMANI Ala,Tunisia,Shooting
ALQAHTANI Tahani,Saudi Arabia,Judo
ALRASHIDI Abdullah,Kuwait,Shooting
ALRASHIDI Talal,Kuwait,Shooting
ALRUBAIE Mohammed,Saudi Arabia,Football
ALSALEEM Seraj Abdulrahim M,Saudi Arabia,Weightlifting
ALSAMAHIJI Hasan,Bahrain,Handball
ALSHAHRANI Yasser,Saudi Arabia,Football
ALSHAMMARI Mudhawi,Kuwait,Athletics
ALTAYEV Altay,Kazakhstan,Water Polo
ALTENBURG Lisa,Germany,Hockey
ALTENHUBER Louisa,Austria,Rowing
ALTHEMAN Maria Suelen,Brazil,Judo
ALTO Gaston,Argentina,Table Tennis
ALTUHAYFAN Hamad,Saudi Arabia,Football
ALTUKHOV Pavlo,Ukraine,Canoe Sprint
ALVARADO Luciana,Costa Rica,Artistic Gymnastics
ALVARADO Roberto,Mexico,Football
ALVAREZ Anita,United States of America,Artistic Swimming
ALVAREZ AZNAR Eduardo,Spain,Equestrian
ALVAREZ Dario,Dominican Republic,Baseball/Softball
ALVAREZ Eddy,United States of America,Baseball/Softball
ALVAREZ Jorge,Cuba,Shooting
ALVAREZ Jorge,Honduras,Football
ALVAREZ Lazaro,Cuba,Boxing
ALVAREZ Luis,Mexico,Archery
ALVAREZ PIEDRAHITA Estefania,Colombia,Artistic Swimming
ALVAREZ Santiago,Argentina,Rugby Sevens
ALVES Dani,Brazil,Football
ALVES LOPES Marcia,Cape Verde,Rhythmic Gymnastics
ALWADI Mohammad,Jordan,Boxing
ALY ELKAMASH Marwan,Egypt,Swimming
ALYOUHA Yaqoub,Kuwait,Athletics
ALZIGKOUZI KOMINEA Maria Elli Lela,Greece,Artistic Swimming
ALZINI Martina,Italy,Cycling Track
AMADOR Andrey,Costa Rica,Cycling Road
AMAISTROAIE Madalina,Romania,Archery
AMANKUL Abilkhan,Kazakhstan,Boxing
AMARE Girmaw,Israel,Athletics
AMARIS Cesar,Venezuela,Rowing
AMB Kim,Sweden,Athletics
AMBAKA Willy,Kenya,Rugby Sevens
AMBALA Atuhaire Ogola,Uganda,Swimming
AMBROCIO GREIFO Pool Edinson,Peru,Wrestling
AMDOUNI Morhad,France,Athletics
AMES David,Great Britain,Hockey
AMHA Selam,Ethiopia,Cycling Road
AMIALIUSIK Alena,Belarus,Cycling Road
AMIHERE Laeticia,Canada,Basketball
AMINE Myles Nazem,San Marino,Wrestling
AMIRI Nadiem,Germany,Football
AMIT,India,Boxing
AMOAH Christian,Ghana,Weightlifting
AMOAH Joseph Paul,Ghana,Athletics
AMOE-TARRANT Charisma,Australia,Weightlifting
AMONDE Andrew,Kenya,Rugby Sevens
AMORES CARUA Jhonatan Javier,Ecuador,Athletics
AMORIM TALESKA Eduarda,Brazil,Handball
AMOROS Emile,France,Sailing
AMOS Nijel,Botswana,Athletics
AMRI Marwa,Tunisia,Wrestling
AMUKAMARA Promise,Nigeria,Basketball
AMUSAN Tobi,Nigeria,Athletics
AN Baul,Republic of Korea,Judo
AN Changrim,Republic of Korea,Judo
AN Heji,Republic of Korea,Basketball
AN Hyejin,Republic of Korea,Volleyball
AN San,Republic of Korea,Archery
AN Sehyeon,Republic of Korea,Swimming
AN Seulki,Republic of Korea,Athletics
AN Seyoung,Republic of Korea,Badminton
ANA Andreea Beatrice,Romania,Wrestling
ANACAN Andrea,New Zealand,Karate
ANAGNOSTOPOULOU Chrysoula,Greece,Athletics
ANAGOZ Yasemin,Turkey,Archery
ANANI Kwadjo,Ghana,Judo
ANASTASAKIS Michail,Greece,Athletics
ANASTASSIOU Lucie,France,Shooting
ANCER Abraham,Mexico,Golf
ANDERSEN Brooke,United States of America,Athletics
ANDERSON Andy,Canada,Skateboarding
ANDERSON Britany,Jamaica,Athletics
ANDERSON Doneisha,Bahamas,Athletics
ANDERSON Haley,United States of America,Marathon Swimming
ANDERSON Lachlan,Australia,Rugby Sevens
ANDERSON Matthew,United States of America,Volleyball
ANDERSON Shae,United States of America,Athletics
ANDERSON Yvonne,Serbia,Basketball
ANDERSSON Jonna,Sweden,Football
ANDERSSON Lasse,Denmark,Handball
ANDIA Mary Luz,Peru,Athletics
ANDINO Kolohe,United States of America,Surfing
ANDISON Bailey,Canada,Swimming
ANDO Elreen Ann,Philippines,Weightlifting
ANDO Yuka,Japan,Athletics
ANDOH Mikiko,Japan,Weightlifting
ANDRADE Jordin,Cape Verde,Athletics
ANDRADE Rebeca,Brazil,Artistic Gymnastics
ANDRE Angelica,Portugal,Marathon Swimming
ANDRE Sylvain,France,Cycling BMX Racing
ANDRE Thiago,Brazil,Athletics
ANDREEV Bozhidar Dimitrov,Bulgaria,Weightlifting
ANDREEVA Iuliia,Kyrgyzstan,Athletics
ANDREJCZYK Maria,Poland,Athletics
ANDREOLI Tatiana,Italy,Archery
ANDRESSA,Brazil,Football
ANDRESSINHA,Brazil,Football
ANDREW Joshter,Guam,Judo
ANDREW Michael,United States of America,Swimming
ANDREWS Abby,Australia,Water Polo
ANDREWS Ellesse,New Zealand,Cycling Track
ANDREWS-NAHU Kanah,New Zealand,Weightlifting
ANDRIANTSITOHAINA Eric Herman,Madagascar,Weightlifting
ANDRIANTSITOHAINA Tojonirina Alain,Madagascar,Weightlifting
ANDRODIAS Matthieu,France,Rowing
ANDRULYTE Viktorija,Lithuania,Sailing
ANDRUSENKO Veronika,ROC,Swimming
ANDUJAR Pablo,Spain,Tennis
ANESTOR Sabiana,Haiti,Judo
ANGELA Ramsey,Netherlands,Athletics
ANGELDAL Filippa,Sweden,Football
ANGHEL Roxana,Romania,Rowing
ANGULO Jesus,Mexico,Football
ANGULO Ricardo,Mexico,Football
ANGULO Yuliana,Ecuador,Athletics
ANGYAL Daniel,Hungary,Water Polo
ANKUDINOFF Ashlee,Australia,Cycling Track
ANNE Mame-Ibra,France,Athletics
ANNEN Jolanda,Switzerland,Triathlon
ANOSHKIN Roman,ROC,Canoe Sprint
ANSAH Owen,Germany,Athletics
ANSAH Sarfo,Ghana,Athletics
ANSAH-PEPRAH Lucas,Germany,Athletics
ANSELL Liam Paul,Great Britain,Hockey
ANSHU Anshu,India,Wrestling
ANSLEY Giselle,Great Britain,Hockey
ANTILL Caleb,Australia,Rowing
ANTOGNELLI Quentin,Monaco,Rowing
ANTOMARCHI Kaliema,Cuba,Judo
ANTON Elizabeth,New Zealand,Football
ANTONIA FERREIRA Jaqueline,Brazil,Weightlifting
ANTONIOU Kalia,Cyprus,Swimming
ANTONIOU Nikolas,Cyprus,Swimming
ANTONOVA Nataliia,ROC,Cycling Track
ANTONSEN Anders,Denmark,Badminton
ANTONY Alex,India,Athletics
ANTONY,Brazil,Football
ANTOSOVA Lenka,Czech Republic,Rowing
ANTUNA Uriel,Mexico,Football
ANTUNOVIC Andela,Montenegro,Swimming
ANVEGARD Anna,Sweden,Football
ANWARI Fahim,Afghanistan,Swimming
ANYANACHO Elizabeth Oluchi,Nigeria,Taekwondo
ANZANI Simone,Italy,Volleyball
AOKI Chika,Japan,Fencing
AOKI Masumi,Japan,Athletics
AOKI Reona,Japan,Swimming
AOKI Ryoma,Japan,Athletics
AOKI Yukito,Japan,Skateboarding
AOYAGI Koyo,Japan,Baseball/Softball
AOYAMA Hanae,Japan,Athletics
AOYAMA Shuko,Japan,Tennis
APAK Esref,Turkey,Athletics
APETZ Nadine,Germany,Boxing
APITHY Bolade,France,Fencing
APOLONIA Tiago,Portugal,Table Tennis
APOSTALON Anika,Czech Republic,Swimming
APPEL CHEUICHE Marcio,Brazil,Equestrian
APPEL Max,Germany,Rowing
APPLE Zach,United States of America,Swimming
APRAHAMIAN Alain,Uruguay,Judo
AQUILLA Adelaide,United States of America,Athletics
AQUINO Rckaela Maree Ramos,Guam,Wrestling
AR RASYID Muhd Noor Firdaus,Brunei Darussalam,Athletics
ARADILLAS Stefania,Mexico,Baseball/Softball
ARAFI Rababe,Morocco,Athletics
ARAGA Ryutaro,Japan,Karate
ARAI Atsushi,Japan,Water Polo
ARAI Matsuri,Japan,Diving
ARAKAKI Maria Eduarda,Brazil,Rhythmic Gymnastics
ARAKAWA Ryuta,Japan,Rowing
ARAKI Erika,Japan,Volleyball
ARAKI Kenta,Japan,Water Polo
ARAKJI Nada,Qatar,Swimming
ARANA Guilherme,Brazil,Football
ARANCINI Zoe,Australia,Water Polo
ARANDA Nathalee,Panama,Athletics
ARANGO ESTRADA Monica,Colombia,Artistic Swimming
ARASHIRO Yukiya,Japan,Cycling Road
ARATHOON PACAS Enrique Jose,El Salvador,Sailing
ARAUJO Larissa,Brazil,Handball
ARAYA Karen,Chile,Football
ARBE Joaquin,Argentina,Athletics
ARCANJO Geisa,Brazil,Athletics
ARCE Daniel,Spain,Athletics
ARCEO Mariana,Mexico,Modern Pentathlon
ARCHIBALD Emanuel,Guyana,Athletics
ARCILA HURTADO Isabella,Colombia,Swimming
ARCOS POVEDA Paula,Spain,Handball
AREGAWI Berihu,Ethiopia,Athletics
AREIA Antonio,Portugal,Handball
ARENAS Julio,Spain,Athletics
